{
    "RR_MAX_QUANTUM": 2,
    "MLF_NUM_QUEUES": 1,

    "task_pool": [
        {
            "name": "1",
            "color": "WHITE",
            "total_length": 3,
            "arrival_tick": 0
        },
        {
            "name": "2",
            "color": "RED",
            "total_length": 6,
            "arrival_tick": 2
        },
        {
            "name": "3",
            "color": "GREEN",
            "total_length": 4,
            "arrival_tick": 4
        },
        {
            "name": "4",
            "color": "BLUE",
            "total_length": 5,
            "arrival_tick": 6
        },
        {
            "name": "5",
            "color": "MAGENTA",
            "total_length": 2,
            "arrival_tick": 8
        }
    ]
}
